StaffID,Name,Age,Phone,Address,SSN,DOB
277043089914,Michelle Wallace,55,(001) 454-3910,"64482 Amanda Loop, Figueroaview, NV 49234",582-81-2258,12/24/1969
384994027174,Bryan Morales,65,(284) 576-3778,"709 Anthony Mountains, Onealtown, NC 09211",704-11-6474,09/24/1959
192707852656,Brian Smith,63,(432) 943-1675,"72852 Renee Mills Suite 667, Blairborough, IL 77378",728-07-6363,07/23/1961
482225930755,Bradley Lopez,39,(239) 491-8456,"774 Lewis Grove Apt. 002, Adamtown, CA 56566",697-29-9972,04/11/1986
847157462649,Connie Lee,62,(119) 155-8754,"533 Chambers Street, Larryfurt, NJ 45581",893-92-3932,04/28/1962
655919975680,Juan Smith,52,(706) 777-1113,"8602 Tracy Crossroad, Sarahmouth, CT 73515",293-79-8865,12/25/1972
018984280546,Paula Palmer,21,(844) 301-9126,"886 David Rue, Davidshire, IN 88959",734-91-8957,03/31/2004
841606709552,Patrick Valenzuela,56,(845) 357-4922,"9026 Theresa Pass Apt. 237, East Jessica, IN 50912",362-78-9684,04/24/1968
063911658753,Stephanie Rodriguez,35,(895) 774-0382,"785 Jonathon Rapids Suite 354, Acevedoborough, MD 95719",766-32-5623,04/25/1989
347903932193,Mary Perez,39,(240) 598-0250,"51056 Patricia Forge, Grahamstad, HI 85576",337-94-6696,05/02/1985
786260679147,Steven Ferguson,64,(001) 709-1662,"02821 Pennington Rapid, New Courtneyberg, PA 05750",259-44-6169,02/23/1961
750483662134,Stacy Crawford,46,(427) 385-2654,"708 Villa Camp Suite 616, Tylertown, WA 04993",261-88-9536,01/05/1979
109632030976,Pamela Farmer DDS,42,(431) 953-9852,"5445 Patton Rapid, Archertown, FL 75028",045-57-2062,07/10/1982
717390402288,Tiffany Castillo,31,(149) 318-6428,"4440 Osborne Viaduct Suite 488, Veronicaborough, WY 57084",811-19-0098,02/02/1994
397002761490,Matthew Bradshaw,35,(001) 657-0869,"357 Jessica Gateway, West Jacob, MT 10714",587-58-3879,11/22/1989
506474572717,Stephanie Patrick,57,(327) 166-4465,"0704 Kathryn Lights, Rowefurt, AZ 76875",477-46-9320,12/03/1967
438552762964,Diana Short,30,(782) 019-5501,"6246 Caitlin Lodge, Williamburgh, DC 63532",723-83-0766,08/26/1994
120613099926,Justin Manning,28,(162) 591-1824,"78209 Darlene Bypass Suite 137, Port Stephen, VT 44235",671-18-7807,02/14/1997
226717495167,Bradley Holmes,41,(116) 959-7568,"50220 Blackwell Fields, South Deannaport, MS 07347",615-99-2756,08/25/1983
006872676068,Tammy Russell,38,(599) 449-7620,"USS Howard, FPO AE 03933",360-03-2902,10/08/1986
145574028785,Martha Smith,23,(877) 108-6408,"0284 Aaron Junction, New Heather, HI 21338",656-88-3975,10/21/2001
437614888954,Alexander Benjamin,58,(160) 334-5235,"9029 Gloria Stravenue, East Andrew, MD 67359",004-05-0774,11/28/1966
710762892832,Brittany Hernandez,49,(066) 953-2583,"66376 Sabrina Garden Suite 691, Whitneyhaven, ND 03348",619-79-7776,06/04/1975
152343834195,Levi Dillon,22,(180) 260-6661,"2948 Sarah Key Apt. 578, East Natalieview, VA 77005",333-38-6228,06/19/2002
567578277115,Juan Johnson,57,(463) 522-1952,"8822 Jared Forks, New Derekfort, RI 96954",295-92-5492,05/10/1967
680380373741,Suzanne Massey,33,(001) 425-8582,"1220 Heidi Rue Apt. 998, West Haleyburgh, CO 05222",011-15-5934,01/02/1992
764805878452,Michael Wood,50,(001) 473-2881,"6409 Samantha Extension, Cunninghamfurt, CO 84918",603-52-5481,02/26/1975
052268168962,Joy Castillo,21,(487) 867-4238,"271 Timothy Port Suite 814, Hallville, FL 47616",832-13-2272,02/06/2004
072453508448,Samantha Taylor,50,(130) 068-9717,"03374 Walker Park Suite 851, West Ashleybury, MN 50460",882-98-2384,01/21/1975
970016550340,Curtis Parsons,38,(154) 692-1658,"417 Martinez Drives Suite 325, Perezfurt, NH 67810",473-73-3616,06/19/1986
708858112057,Katelyn Edwards,23,(101) 756-3609,"503 Alan Place, East Darrenborough, WA 61592",203-01-8524,07/30/2001
876947014501,Andrea Thompson,22,(366) 706-3609,"USS Aguilar, FPO AP 48665",847-44-7437,11/23/2002
416266465455,Jose King,35,(140) 292-6395,"171 Harrison Motorway, Davidview, CO 74554",518-43-3827,03/05/1990
050652498632,John Mcconnell,63,(708) 673-6347,"4579 Tanya Pike, East Kevinhaven, TX 16590",061-20-5617,10/15/1961
704290875989,Marc Martin,30,(636) 732-6058,"97939 Johnson Oval Suite 830, North Dennismouth, TX 80451",230-85-1787,05/22/1994
907764725033,Matthew Mcneil,56,(157) 325-8576,"7835 Andrew Fords, Port Robertshire, WY 54423",554-27-0068,07/28/1968
566358979553,Susan Parker,25,(181) 197-0369,"90985 Steven Creek, Ramirezbury, MS 98277",519-44-3741,06/17/1999
258857912095,Brandon Moore,28,(199) 718-7656,"63044 Wilson Highway, Christinaborough, ND 71531",062-44-8445,11/14/1996
940271734361,Terry Weiss,42,(145) 251-9861,"0835 Angela Station, East Heather, MO 26899",624-90-7193,01/01/1983
500679238339,Nathan Kline,46,(133) 752-4801,"19041 Jennifer Flats Suite 716, Martinezshire, MD 23325",304-31-7160,10/21/1978
133556514415,Russell Little,53,(155) 840-3824,"5877 Rodney Extension, East Jasminfort, AK 31760",084-40-1613,09/21/1971
054605752585,Toni Smith,57,(001) 586-1837,"34228 Stephens Falls, Port Lori, VT 21058",250-98-9175,01/22/1968
752121016565,Lauren Jackson,55,(840) 730-6268,"871 Melissa Place Apt. 103, Coleview, MI 87249",406-34-1256,01/10/1970
077594999085,Natalie Hodge,40,(001) 081-7372,"420 Roman Village Apt. 965, Turnerberg, LA 92380",340-45-9882,03/14/1985
876799611481,James Woodard,23,(933) 634-8282,"4647 Kristine Fields Suite 710, New Dakota, WY 00638",846-28-3032,05/11/2001
304351629479,Vincent Ward,31,(000) 924-3675,"020 Gomez Fords, Gonzalezburgh, HI 65552",674-20-9690,09/13/1993
439833950222,Mark Lozano,55,(006) 902-8164,"052 Werner Shoals, Toddfort, MA 35834",662-10-7515,02/25/1970
154273505902,Kayla Hansen,39,(976) 296-2191,"4158 Alan Rest Apt. 216, Bowersfort, AK 41564",648-18-1394,12/21/1985
712356614295,Nicole Perez,65,(600) 962-8466,"782 Dawn Radial, Port Christopher, LA 35611",259-28-6606,11/27/1959
278034503751,Shannon Mills,56,(001) 104-2282,"7577 Christopher Mill, Frankside, OH 56320",532-10-3594,01/27/1969
